room_id,price_info_str,room_size,maintenance_cost_str
61356b38cab34b762d0f3962,"[['100', '39']]",16.52,5만 원
61356bbbd1149a44028d1bc9,"[['100', '34']]",20.5,5만 원
613ab62a3aab6a4c7aa0d7a8,"[['100', '30']]",19.8,5만 원
611c6406fcfe2b606f227f4e,"[['500', '43']]",19.83,5만 원
613ab6865580cb4c22a54a68,"[['100', '32']]",19.83,5만 원
6125d3000bcb2c30aec87a1a,"[['1억3000', '47']]",39.66,8만 원
612c91f9d75a0c4dc33f11b3,"[['1000', '40']]",23.14,5만 원
613ab60f4558cf4c7a094ce9,"[['200', '35']]",19.82,5만 원
61342a083a83604aa817def0,"[['1000', '58']]",29.75,7만 원
612da288bb3a9461284bfb6e,"[['200', '34']]",23.14,3만 원
6135b7808edb5a5bc0c4f4fc,"[['100', '30']]",19.08,5만 원
6136ca6f3e166c2cb4c5d683,"[['300', '45']]",19.83,5만 원
612f60d0f02f04362ec3fd93,"[['300', '35']]",19.83,2.5만 원
6128399c35777d31c5a2df38,"[['1000', '41']]",23.14,7만 원
6139de934591d6453f3456b1,"[['300', '35']]",19.83,5만 원
612205fd58661c730f94f71a,"[['500', '39']]",19.83,6만 원
613753a2d8339a25b0140c7b,"[['500', '40']]",19.83,6만 원
61380ba36bfb1175f62dc570,"[['200', '33']]",16.52,5만 원
61436f564589dd5474134af6,"[['300', '33']]",16.52,5만 원
613021a031832634d311346e,"[['300', '34']]",16.52,5만 원
611c49666de69f466bf4b012,"[['300', '44']]",16.52,5만 원
613036560fe67446f11388a9,"[['200', '28']]",13.22,5만 원
6131924a8733243ed8399e30,"[['200', '29']]",17.5,5만 원
613d539d863fce1138afb321,"[['200', '28']]",16.52,5만 원
613ab66cbf70734c7a62b173,"[['200', '30']]",19.8,5만 원
614406d09a1bb3763d31cdef,"[['100', '29']]",16.52,5만 원
613416e45d0801798d7d5cb4,"[['1000', '65']]",33.05,5만 원
612ed29176b5ba2057bddb01,"[['100', '31']]",13.22,5만 원
6135ad45e3b5ca48d7d987a3,"[['500', '45']]",23.14,5만 원
613efbd03b204b2e3f2ce5b9,"[['200', '27']]",16.52,5만 원
614033eaf1f9dc6ffa4b1607,"[['500', '35']]",20.0,없음
6139865f00e34f7f773aefc1,"[['500', '43']]",19.83,5만 원
613979b8f7f3f259594e536a,"[['300', '33']]",19.83,5만 원
611c5c3cf6e89506c0875776,"[['200', '28']]",16.52,5만 원
613c392285ffbe7d7c291fb7,"[['300', '35']]",33.05,없음
61370fdef96a572941bab8c2,"[['1000', '45']]",19.83,5만 원
6131c855fc20116ac29bfbb8,"[['100', '34']]",19.82,5만 원
613eaf5cdbc210536ae6f839,"[['100', '22']]",19.82,5만 원
613efcda9202366d9571a4cc,"[['100', '24']]",9.91,5만 원
6131d0e990c1db38401b5d89,"[['500', '38']]",23.14,7만 원
613c4d9b06876214c543af93,"[['100', '30']]",19.83,5만 원
61414789812d0835fc0c30ec,"[['300', '37']]",20.0,5만 원
6117a2290ac54d7c0fd80ac0,"[['300', '28']]",19.83,5만 원
61245ecddf5b27561d4d0ecd,"[['300', '34']]",19.83,5만 원
6135b6c0e2721f565980bbba,"[['500', '40']]",23.14,5만 원
6139752475504b43e3eb1473,"[['500', '33']]",19.83,5만 원
61405247475d8f7341bd91cd,"[['300', '35']]",16.52,5만 원
6138995278b9d051ab427d4f,"[['300', '45']]",19.83,5만 원
6136c43b58c1200605a3c534,"[['100', '26']]",13.22,5만 원
612447dad596fa521e8758fb,"[['1000', '45']]",19.83,5만 원
611f4987c4b7a135700e2dd6,"[['300', '35']]",16.52,4만 원
613ab06888971c7edf877f37,"[['300', '33']]",16.52,5만 원
6131c7be807c7a5f5b3a9a68,"[['300', '46']]",25.0,5만 원
613aaef6ff2d3c4b29b52e0c,"[['200', '30']]",16.52,5만 원
613c581ce3083d7f831815a6,"[['300', '38']]",19.83,5만 원
61356a8e5e6fd94d1b6001f9,"[['500', '35']]",16.52,5만 원
612db7753a813a3db44b2611,"[['500', '49']]",19.83,6만 원
6143e19748be5c2e879871b6,"[['500', '60']]",17.86,8만 원
6141b2a6416f966079f493bd,"[['300', '35']]",16.5,4만 원
6139c23f866c88121f02835f,"[['200', '18']]",19.83,5만 원
612c748b95ec5374aa46185e,"[['1000', '55']]",23.14,5만 원
61357c968c4fca129986db2b,"[['100', '40']]",19.83,10만 원
612de82b3f8ec4561dd55455,"[['1000', '47']]",18.03,7.7만 원
612c5ea8d5872a4de0c00718,"[['500', '40']]",29.75,3만 원
612c5be69b1c061b93396d0d,"[['1000', '30']]",26.44,없음
6131e5ca24c0635678e22e80,"[['1000', '60']]",17.27,6만 원
610e3bf77e475508c52bf113,"[['1000', '63']]",15.21,6만 원
6111ef6baa604654e7b08e69,"[['100', '37']]",16.52,5만 원
613b24c5970b5f7db71b697b,"[['500', '35']]",16.52,5만 원
613c2b3da4167c60f6f0732f,"[['5000', '18']]",16.52,5만 원
613873004bf6022073546f32,"[['500', '45']]",36.36,2.5만 원
613c144e12a9eb31ede9f040,"[['1000', '55']]",23.14,5만 원
61396f4ba2081a4a540fa837,"[['500', '35']]",23.14,5만 원
612ed3423220f149e269cd3e,"[['500', '38']]",23.14,5만 원
6124795c8efcbb24724eeb03,"[['500', '35']]",19.83,3만 원
61371aeadba1b85e80b5d717,"[['1000', '60']]",33.05,5만 원
61415a3b5ba22b25dbb0d192,"[['300', '30']]",12.5,3만 원
612f2d6af4901d36a2d8b237,"[['500', '40']]",16.52,없음
6142fdbf5321854c7fc44aef,"[['1000', '55']]",19.83,5만 원
6135b0cbbb515e554d1f236f,"[['2000', '40']]",23.14,5만 원
6131ab85b229402f14aab21a,"[['1500', '20']]",29.75,없음
611f43e7dd24492ba6ef5962,"[['100', '28']]",13.22,5만 원
6142bbbb353d39469d3b581d,"[['1000', '43']]",13.8,없음
6113a44d6b5e472d48e0a354,"[['100', '25']]",15.52,5만 원
6131d78162f37a3b03015b33,"[['500', '40']]",20.0,5만 원
6136fe21137f0921b100d31e,"[['500', '44']]",14.87,4만 원
613eeef8751f29346234bf51,"[['1000', '60']]",39.66,5만 원
610bbc8494003263cab61a2a,"[['500', '35']]",19.83,6만 원
61383289f79e8873b82927d0,"[['300', '26']]",16.52,5만 원
613c41530ba4cc0b1906ee37,"[['1000', '59']]",29.75,7만 원
612602c61154574031473697,"[['1500', '35']]",26.44,2만 원
60ff548345ba156de7c41926,"[['1000', '45']]",24.2,5만 원
6136b8e45535a2519344d31d,"[['500', '35']]",23.14,없음
612de335b50e6b5552b849f4,"[['500', '50']]",19.83,없음
6126fd0ae1f5514108d80ff9,"[['1000', '55']]",23.14,5만 원
613afbdff4f60d7456f74fdb,"[['500', '45']]",23.14,5.4만 원
613c7da0e2f19241bd0632bc,"[['1000', '60']]",36.36,1만 원
61397ffb804b6b6ed48bf1e2,"[['3500', '5']]",23.14,6만 원
61331d676793fb4eb0013e5a,"[['500', '40']]",19.83,5만 원
613eb8ab5c219d3f6e510619,"[['3000', '30']]",23.14,5만 원
6130afb05f76fa3e4ee922f3,"[['3000', '20']]",18.1,10만 원
6142b3b42e6062697d9171fb,"[['1000', '55']]",26.44,5.5만 원
6131e63e9495f52fa249a73d,"[['500', '40']]",19.83,5만 원
6132e6137ed3a67f8cf0c1e2,"[['300', '40']]",19.83,5만 원
6135d310ade43c6644cd9a41,"[['50', '45']]",22.14,5만 원
61416161b14d79684921cbda,"[['1000', '45']]",29.75,4만 원
612cb53225f27a3f4bac592a,"[['500', '60']]",17.86,6만 원
6135c7b7b9228712d9389b79,"[['500', '37']]",19.83,5만 원
6130637514ec260c50318df4,"[['100', '48']]",19.83,6만 원
61317dd08daa457dfae68e6a,"[['3000', '30']]",19.83,5만 원
6142af99bd6d0362ded3df4b,"[['1000', '38']]",19.83,5만 원
612d9beacc663939b0c9f7d0,"[['2000', '65']]",33.05,5만 원
611ca91460d30f5b491f2f5b,"[['3000', '30']]",19.82,5만 원
61416945c8611c4cec82de2c,"[['1000', '65']]",36.36,7만 원
61302dcdfe6bd11ea9787280,"[['1000', '45']]",19.83,7만 원
6141b5c5281a223c858a8783,"[['2000', '40']]",19.83,4만 원
6136d88d2b04b9534d7bc7f2,"[['500', '20']]",28.4,없음
613f3145d663ee1c67ec8f12,"[['500', '43']]",23.14,7만 원
612b34823a989748c62bc0b6,"[['400', '42']]",19.83,5만 원
610a17197c3e2f3d4c7d7364,"[['5000', '40']]",17.86,7만 원
6111e42e55b9c75306395197,"[['500', '40']]",16.52,5만 원
61259659a8c8f8070f5568af,"[['1000', '39']]",16.52,5만 원
611db5a2af706b7f36389b38,"[['500', '47']]",19.83,5만 원
6135fcee294525022cafe1ed,"[['300', '35']]",19.83,6만 원
611b71a723af8d0238dbf25f,"[['500', '40']]",23.0,3만 원
612884ed67ae6268997bb07d,"[['500', '50']]",23.14,5만 원
613c7194e1049f5f01273c96,"[['1000', '35']]",29.75,없음
6140434cbd0e355c645d9b9f,"[['500', '30']]",33.05,없음
6125ab36ab5183015ad92d5f,"[['200', '40']]",16.52,5만 원
614424955df77717976b25eb,"[['1000', '40']]",28.1,없음
6141793a79ea6a7c27fbf877,"[['500', '35']]",19.83,5만 원
612707943ca9a42a3596fb65,"[['500', '40']]",16.52,5만 원
60f8bd5413488b73c19c736e,"[['500', '45']]",23.14,5만 원
6141b2151b54170d4adb23ab,"[['500', '50']]",15.88,6.3만 원
613ac47691128c42cb611d3f,"[['1000', '55']]",23.14,5만 원
61415b5d000dc02f251c72af,"[['300', '35']]",16.52,5만 원
613c0da06b51a32c7f73dde0,"[['1000', '40']]",19.83,6만 원
613b22bdd63e4f03834c4e09,"[['1000', '39']]",19.82,5만 원
6132c95e4bcdc75b23c90377,"[['100', '25']]",33.05,없음
6143e400a48a59223751cb6e,"[['300', '50']]",19.83,6만 원
613afe8c3a2f1b571455e1ea,"[['500', '45']]",19.82,5만 원
6124628943134b10f8e3ad05,"[['1000', '55']]",18.03,7만 원
613b21b23914181fecbb29b8,"[['500', '44']]",26.44,5만 원
612a4c548830a159cb8010b4,"[['1000', '45']]",19.83,5만 원
614040544a0983075e8264d0,"[['200', '20']]",22.89,없음
6129add02a722f693b3e59d4,"[['500', '42']]",23.14,5만 원
6139a3098c0bbb3f52d54d34,"[['500', '50']]",26.44,없음
61289a7ecf7f91496037a079,"[['1000', '45']]",23.14,4만 원
614403e0260bf4763daf4b6b,"[['2000', '30']]",19.82,3만 원
6129b4f48e6ba204b896ec2c,"[['200', '40']]",19.83,5만 원
61396a3cd490fd1890e6beb2,"[['500', '50']]",23.14,없음
612f400e62e184223f182291,"[['200', '20']]",23.14,없음
61238b5f8e5d4e5686b762a4,"[['2500', '20']]",19.83,4만 원
6119c79c45820353851b0937,"[['200', '35']]",16.5,5만 원
614006d6b60aec67db617997,"[['100', '40']]",16.5,5만 원
61416f8e02a5876438884b76,"[['1000', '25']]",9.0,없음
612f49aeb8101e7f94176a44,"[['500', '25']]",19.83,없음
6136b585c3d45c4bcf8fd5f8,"[['300', '42']]",19.83,5만 원
613c010f5489b02305d9940a,"[['50', '45']]",16.52,5만 원
612c41558cecb8416410b63b,"[['500', '35']]",19.83,7만 원
6111f5c6c4edef1618d92902,"[['1000', '60']]",36.36,1.5만 원
6135be9d8419504bac69c70f,"[['500', '50']]",26.44,없음
611ca20a1c0b264d0f1a0849,"[['300', '40']]",19.83,5만 원
613421a56b1be80f6da0b827,"[['300', '39']]",19.83,5만 원
6139cb29a4d98537261a9ee7,"[['100', '35']]",19.83,5만 원
6132e006475d795c24816a76,"[['1000', '59']]",26.44,6만 원
612c6ad15bd60d7bc900ceb7,"[['300', '35']]",16.52,5만 원
6135f2cf9537757bb2411c99,"[['3000', '35']]",26.44,5.5만 원
613975b40dd5a95f1e6117e8,"[['300', '40']]",19.83,5만 원
6139b85342085806c5d405bb,"[['100', '35']]",19.83,5만 원
612f11f4a461f25204165486,"[['500', '40']]",23.14,5만 원
613c52c6d16b3418f3e2e9e0,"[['200', '28']]",23.14,없음
612ece19e9baed21f5c9c645,"[['500', '33']]",19.83,7만 원
60ed304b43b14644c2441616,"[['300', '25']]",20.0,없음
613ed6a2a92ab30394c18282,"[['2000', '50']]",33.05,1.5만 원
612ddf8d91ccc44738b1b619,"[['500', '35']]",19.83,2만 원
612a31505260e54dd568acc5,"[['500', '45']]",19.83,5만 원
61308b71d76a162850bb6249,"[['1000', '55']]",14.86,8만 원
613b0eeecc3870013ebcdaa3,"[['1000', '40']]",23.14,1만 원
6125e7f999010721095700d5,"[['1000', '50']]",18.03,7.7만 원
613ae9c265b23e4e5e0268a4,"[['500', '41']]",29.75,1만 원
613871f44cc4046cc33879c5,"[['300', '55']]",29.75,6만 원
613eab71a114386494300c99,"[['300', '30']]",26.44,없음
613c78e11ccd3345ea53805a,"[['6000', '39']]",29.75,6만 원
6141690874157c652bea16dc,"[['200', '37']]",16.52,5만 원
61209ffbdb064846700cb124,"[['500', '42']]",19.83,6만 원
61397508ddc88643e33fa157,"[['1000', '37']]",14.89,5만 원
613093af28646953956ea1eb,"[['500', '40']]",36.9,없음
6120844f31d90f2a8c52ca89,"[['300', '41']]",26.44,없음
6139b646108b01762e19799f,"[['2000', '55']]",32.0,5만 원
60e63051ad5af33c90cdec91,"[['500', '35']]",23.14,1.5만 원
613c5fd7af24452602065515,"[['300', '35']]",16.52,5만 원
6144040b7b6fde708aca466c,"[['1000', '38']]",19.82,3만 원
6128bb34744d8d37cd875929,"[['1000', '60']]",26.44,6만 원
61334d3437fd6c285e2e650f,"[['500', '44']]",33.05,3만 원
6143e7cf34a290225a8b0ee3,"[['2000', '45']]",33.05,5만 원
61409098e9c9fd411f8a1c0a,"[['1000', '37']]",23.14,7만 원
606ec67ad779cf1216caa5eb,"[['300', '35']]",33.05,없음
613078e5baa1355060e7a8e3,"[['300', '39']]",23.14,6만 원
613abfbc6e712d64ad9eab5f,"[['1000', '59']]",33.05,5만 원
612c60757314b2667bde5ccc,"[['300', '30']]",16.52,5만 원
6133542b7f4d4925101fc393,"[['500', '35']]",19.83,5만 원
612de54d9e8af824fffa6499,"[['500', '40']]",23.14,3만 원
61399f2031d4a935eb9457f2,"[['1000', '42']]",19.83,6만 원
6124953ecd84f30ae1461206,"[['100', '25']]",16.52,5만 원
6132cc9b6c425542bb951b46,"[['500', '38']]",19.83,7만 원
613abb153bff7a64ad2da776,"[['1000', '40']]",23.14,5만 원
6135caecb81bcf069dce646a,"[['500', '35']]",19.83,5만 원
61429ed518b26173e984601b,"[['1000', '40']]",29.75,5만 원
61231d702bfa4d72a9c9faef,"[['200', '30']]",16.52,5만 원
613ffdedb67b60453ff16f51,"[['300', '25']]",79.33,없음
6131a9fb3d044b0ed0b4650b,"[['500', '38']]",23.14,5만 원
6125e544a0dfa60ba66c25c8,"[['1000', '50']]",18.03,7.7만 원
613f1088be87515438af3480,"[['1000', '30']]",26.44,없음
61396a7d702b1b174de7ace3,"[['300', '25']]",22.0,없음
613d5a5978b177145cd75508,"[['1000', '35']]",19.83,5만 원
612c2f1d0c10b96a2119bab8,"[['500', '35']]",23.14,10만 원
611c6d38dc11347554601586,"[['1000', '55']]",17.86,6만 원
613adc8988e36d2893ae7e02,"[['1000', '40']]",19.83,5만 원
612343775b030730e35d99cb,"[['500', '42']]",23.14,4만 원
613af685d45924663a079013,"[['500', '39']]",26.44,6만 원
6139ae5f2aa4d8791fc62b92,"[['1000', '60']]",33.04,5만 원
61416f28984b606438fd71c9,"[['300', '40']]",15.0,없음
613af72e5582322d5b93dea9,"[['300', '25']]",23.14,없음
61248617a5f7066cedd8a638,"[['500', '30']]",21.14,5만 원
61406b307dd6647e333e90a0,"[['500', '53']]",26.44,5만 원
612c73a508bdd656a2ed0568,"[['1000', '40']]",19.83,5만 원
6132e423db60c569dd43c7cf,"[['500', '45']]",19.83,6만 원
61401e10a4c4173cb1691bfd,"[['200', '37']]",19.83,5만 원
613c0f8d9cf86a2f529c7125,"[['1000', '55']]",26.44,5만 원
61398960e677527ce97b7fdf,"[['500', '45']]",23.14,5만 원
61171446b6e5ed333c8d59c9,"[['2000', '60']]",26.44,6만 원
61356158d15667552aeee60e,"[['500', '45']]",19.83,6만 원
612ecc572ceacf1acd00d544,"[['500', '45']]",19.83,5만 원
613ec3994a896b0a30d54451,"[['50', '30']]",16.52,5만 원
61297e733a3d4d1d177bd2b6,"[['1000', '35']]",16.52,5만 원
614170184db65764eb29c0ce,"[['500', '37']]",16.5,3만 원
612d9b88e79f354e9f9a8a4c,"[['500', '50']]",26.44,5만 원
614047736f9fe213e354423a,"[['100', '30']]",16.52,5만 원
613b233da63793282bbe212e,"[['300', '31']]",16.52,5만 원
6142c80720b361207e43ecf8,"[['200', '48']]",23.14,5만 원
613ae588081cd94d506e8bbb,"[['500', '45']]",26.44,5만 원
610a3da1ba603635d6276a5a,"[['500', '50']]",29.75,11만 원
6124d0f373f20f08ee0db5dc,"[['1000', '50']]",19.83,5만 원
60fe0cccde24072c0a10c153,"[['1000', '40']]",23.5,5만 원
6135b5f87ba9085aba6afa8a,"[['500', '35']]",19.83,5만 원
61406d38ecf7d27e33b9bc58,"[['300', '43']]",19.82,5만 원
61260042a6bd192a8b024920,"[['300', '34']]",16.52,5만 원
613ac9ed27ea8f44821ec69f,"[['1000', '40']]",23.14,7만 원
611f5ce9359a734f0bc96bbc,"[['500', '40']]",19.83,5만 원
6141aec1ac5f7860798c1c1b,"[['1000', '40']]",23.14,5만 원
613c0d09e704d1225f369f53,"[['500', '38']]",16.52,5만 원
613eafb42440c528b74fbf92,"[['2000', '50']]",26.44,3만 원
614198fa3e7875623762ff1a,"[['200', '22']]",11.2,3만 원
61442dbfdffcba2d06d667bc,"[['300', '30']]",23.14,1.5만 원
613c57fb255c9c1e8d0d8e1c,"[['500', '40']]",20.35,5만 원
61078773f9c9b622c4d9dec2,"[['500', '35']]",12.5,5만 원
6121a8a0034ae90720d89657,"[['1000', '35']]",19.83,5만 원
613ab3aa366b2e7ee06bae66,"[['500', '30']]",19.83,5만 원
6143f6a50af2fe50dc0fad72,"[['4000', '30']]",15.6,5만 원
611b19b921737d1ddd5fac43,"[['300', '30']]",16.52,5만 원
61415a641ca0ce49155c6478,"[['200', '25']]",23.45,없음
613abef8597d2b653f62901a,"[['300', '44']]",19.83,6만 원
612f3079e33959347409aef4,"[['300', '35']]",19.83,2.5만 원
61301f4cb2594527d5918ba6,"[['1000', '30']]",19.83,5만 원
611759c278190b170d4672ba,"[['1000', '50']]",22.28,11만 원
6135a115a0754325d09d306a,"[['2000', '30']]",16.52,5만 원
6139c24f08bc412057abffe2,"[['1000', '45']]",19.83,5만 원
612d95536e56bf1f0614fb30,"[['500', '35']]",18.0,3만 원
6131a16167c2047da123e08b,"[['1000', '55']]",26.44,5만 원
61332ae860d62f1978103cc4,"[['1000', '59']]",26.44,5만 원
61382effbe22a362cb438ff8,"[['1000', '60']]",33.05,5만 원
6136beb1f7b6e069ed7a3346,"[['55', '50']]",16.52,5만 원
611cc45a622cb90c67994c81,"[['500', '45']]",29.75,1만 원
61397740a57d62594cba681a,"[['800', '50']]",19.83,5만 원
612dde1578bd32166a18a9ec,"[['500', '30']]",29.75,없음
613ff592b7f69b6a04d4a5c7,"[['500', '38']]",23.14,3만 원
61309ddb6a52892e6e80856f,"[['400', '35']]",19.8,5만 원
612f68cf32b98b74632edd74,"[['500', '43']]",29.75,없음
611eff313f307c0e15924c76,"[['500', '35']]",19.83,5만 원
613eda210f44aa01fb3eb6f1,"[['500', '47']]",18.03,5만 원
6139a705545ef8527bc0d206,"[['1000', '60']]",26.44,5만 원
612f2cc4223df955968749b4,"[['2000', '45']]",30.03,5만 원
613088e902679202b0cbae63,"[['1000', '50']]",23.14,없음
6135cd6152c9947cf2829536,"[['1000', '55']]",36.36,5만 원
6126352584f1c3749ae74ccf,"[['500', '40']]",19.83,5만 원
6115e152102c731f7464bc96,"[['500', '30']]",6.0,5만 원
6126fe36c5ce10402a5e426c,"[['1000', '35']]",23.14,5만 원
612c5ab4660b4576465ea0ff,"[['500', '30']]",16.52,5만 원
611f76000bc5e11751f62336,"[['1000', '45']]",16.52,6만 원
61206446aa8a180aa12c91f2,"[['1000', '55']]",21.44,5만 원
6126f58c4163641ccdf4fc1e,"[['200', '37']]",16.52,5만 원
612f1f49f177eb796bd70d89,"[['500', '45']]",16.79,5만 원
613ecc5295b30275e27795a0,"[['1000', '50']]",21.0,5만 원
613d5bc3f9d69d6e46e86f59,"[['500', '43']]",19.82,5만 원
613ef87204e99024c0683dc8,"[['200', '42']]",22.14,5만 원
612723a417fd2608bfac542d,"[['5000', '80']]",29.85,5만 원
611a2c467a8e2b507dbf7be3,"[['500', '40']]",22.0,3만 원
6140553a8294742e3e328607,"[['500', '36']]",18.0,5만 원
613f1edf177e9a494d4faf6e,"[['500', '42']]",19.83,6만 원
6135b45be01075557c99ef6d,"[['1000', '55']]",17.86,7.5만 원
6122fad501f8ac13c2d35f71,"[['500', '40']]",17.04,5만 원
60efeedb1cdf2549e3d6009b,"[['500', '50']]",19.83,4만 원
613c7084013859447ab1b921,"[['1000', '50']]",23.14,5만 원
61273fe47420b84561f5793b,"[['100', '30']]",16.52,5만 원
613ad06c611f351be56175b8,"[['1000', '50']]",18.03,7.7만 원
6138730768b3217731b5b062,"[['1000', '70']]",29.75,6만 원
6107674bc5a46d66fe49a340,"[['1000', '50']]",15.21,5만 원
6141cd41775bd150bcc029d0,"[['500', '45']]",21.5,5만 원
6141bb8b2e2104449532fffe,"[['1500', '20']]",16.42,3만 원
613587490a7e732c106d7b30,"[['1000', '60']]",29.75,6만 원
613b38edc538e641e27a2a60,"[['3000', '29']]",23.14,6만 원
6136d8d336fd430e82e35c62,"[['500', '30']]",29.2,없음
611f749b55d5d76c0dc0d789,"[['500', '40']]",16.52,5만 원
61384ecea6fcb47d1af4627c,"[['200', '25']]",19.83,5만 원
60f4d2e1df111e1aaee84218,"[['500', '50']]",19.83,2.5만 원
612ee81b03f7b510ba921742,"[['500', '44']]",23.14,5만 원
613afe5d4e7a6373366f784d,"[['100', '30']]",19.83,5만 원
61318646c5d09b5e1b68fdda,"[['500', '35']]",19.83,5만 원
613ef04948c6a24dda46b0fc,"[['1000', '60']]",26.44,5만 원
612ed9d5409a4a5170bb99fa,"[['100', '33']]",19.83,5만 원
6143f6852c4e4a54e5aafc8b,"[['1000', '50']]",16.53,5만 원
613b210496fbce7db766b8fe,"[['500', '29']]",23.14,5만 원
612c4af28d6de34985e55756,"[['1500', '35']]",14.89,5만 원
612de914a0136951161ffca3,"[['2000', '45']]",18.03,7만 원
6119c04beb3b762f0ad9312d,"[['500', '35']]",19.83,5만 원
61249bf1b3cf5961b5d483a1,"[['200', '33']]",16.52,5만 원
614301d7e9117f4a3f1fb853,"[['500', '35']]",33.0,없음
6131e0fe6c499764b5486b75,"[['100', '35']]",19.83,6만 원
6132c97426494c32bcddeb74,"[['1000', '40']]",23.14,5만 원
61416a6d1076e74ceb15bbbb,"[['500', '44']]",19.83,5만 원
6142b64924efdb1054a477ad,"[['500', '44']]",23.14,7만 원
61207dd497bdd529293496c1,"[['500', '40']]",26.44,없음
614071118ab95228247f12b2,"[['500', '30']]",16.52,5만 원
613848be21b30573bafe4de5,"[['2000', '68']]",26.44,7만 원
613ed04560fab973a3008fae,"[['300', '35']]",23.14,없음
613b0af5fa7ba40729b23c96,"[['300', '25']]",16.5,5만 원
61298e863d85e22a5de114b1,"[['500', '50']]",23.14,6.3만 원
6135881cf0171741a6fb06a8,"[['100', '35']]",16.52,5만 원
612ca158ac5b2d7c2cc2a968,"[['500', '55']]",20.0,3만 원
61418152d6622639bde06282,"[['100', '42']]",20.3,5만 원
61206b76931a4371d457d64d,"[['100', '35']]",16.52,5만 원
614027e0c54ad828484e14e9,"[['500', '48']]",23.14,7만 원
61442b8899ed432a47b6f60b,"[['1000', '65']]",13.0,7만 원
6142c4300122554ca6001aad,"[['200', '40']]",19.83,5만 원
61418a770d53ea79fe47d88a,"[['3000', '30']]",19.83,5만 원
6132ca3a70f5674585a15ea1,"[['300', '25']]",19.83,6만 원
6138692f217f025c00104990,"[['500', '41']]",24.0,5만 원
61163cb6a5d8fd259e38b6c1,"[['1000', '50']]",33.05,4만 원
61402d21b179ee36d4826d43,"[['300', '50']]",33.05,2만 원
6130328b2eee7462a0d79111,"[['500', '45']]",19.83,5만 원
6122f8b687dbe864117c3b3a,"[['1000', '60']]",39.66,2만 원
61432134724dd73f2d966457,"[['500', '41']]",16.52,5만 원
613625bc35cf7809cb959ae9,"[['300', '41']]",16.52,5만 원
611f71ce340ef37f2936ee55,"[['2000', '30']]",12.47,4만 원
612f31fb4c84343e52568a6e,"[['300', '20']]",13.22,없음
613c1842bd66523bfa1a7b5d,"[['300', '37']]",23.0,5만 원
613187243572761008ee4e92,"[['2000', '50']]",33.0,3만 원
613ab22072269c2b053ad1cf,"[['1000', '50']]",23.14,6만 원
613c8a7032709522150ff3f4,"[['500', '40']]",19.83,5만 원
612464a027b0f11287514985,"[['500', '30']]",26.44,없음
61233fe85a04a62f8ef208c2,"[['1000', '42']]",19.83,5만 원
6125ce1f2d3499273d8101a3,"[['500', '50']]",19.83,2만 원
613c517b54b57978ebcc24c0,"[['300', '28']]",19.83,5만 원
6130883c143f3b3bb9ea3a5e,"[['300', '35']]",22.0,5만 원
613c170f1a75883da05f915d,"[['3000', '30']]",23.14,5만 원
613f3ef63a7f9d1eca76faef,"[['3000', '28']]",26.44,7만 원
613eb149ed42f4541242b807,"[['500', '39']]",23.14,4만 원
61416efeabb2d93636133add,"[['500', '30']]",26.44,없음
61308ef6566e6634aea32b36,"[['50', '45']]",21.49,5만 원
61415e5d93b6eb6f62a0f4fe,"[['500', '35']]",23.14,5만 원
613880674e2e7936b98cd780,"[['2000', '40']]",19.83,6만 원
613dca09eb3aa568efe42bf2,"[['500', '40']]",31.0,없음
612765daff6c46391d3db2b2,"[['300', '25']]",16.52,5만 원
6142d04b6284792aaae7fb8c,"[['1000', '40']]",25.29,5만 원
613044b546829234610c671e,"[['300', '25']]",13.22,5만 원
611df6770c0e600bc37ee807,"[['500', '55']]",23.14,2만 원
6135f26d19733273aba0aae1,"[['500', '40']]",26.44,5만 원
6111ef5920f32844beb9f4b9,"[['55', '45']]",16.52,5만 원
6143f36db9da2d3e04f3d5e8,"[['500', '39']]",23.0,2만 원
6125abea7cb1a426a6f0ed8b,"[['300', '25']]",16.52,5만 원
612ece3b5414b120571c23ca,"[['500', '47']]",26.44,7만 원
6136d5c19519a54a349b732c,"[['1000', '50']]",15.21,5만 원
612c784f12ea711b27097c0b,"[['1000', '48']]",26.44,5만 원
6141b1443eb8b039eb4731b4,"[['1000', '60']]",33.05,5만 원
6142973546d39117e04fdde0,"[['1000', '80']]",29.75,5만 원
613ac3d1c01b532c3d28391c,"[['1000', '48']]",23.14,5만 원
614059d552af1c313a18ccd4,"[['300', '25']]",23.14,없음
61340e650223c73dca3eceed,"[['500', '60']]",17.86,7만 원
6110cf3480c30a37674b9e3f,"[['500', '40']]",16.52,5만 원
6126f982d4c07329e3167a46,"[['500', '50']]",15.88,6만 원
6130328237fccb3416432db5,"[['300', '40']]",18.18,5만 원
610230c5e4630118643a4e87,"[['500', '40']]",19.83,없음
613f129c650e3f5f1379bf65,"[['500', '35']]",19.83,없음
612d9bc4779c37363fdd0601,"[['500', '40']]",19.82,5만 원
611085f4db145311bec6ec93,"[['1000', '60']]",26.44,5만 원
61250a5cebbd3521bc8f61e5,"[['300', '33']]",19.83,5만 원
61271744d29e837aa46f5879,"[['500', '40']]",29.75,없음
6125bce91adbf146e69e8dc1,"[['50', '45']]",16.5,5만 원
614037748940cd703946ee33,"[['500', '40']]",19.82,4만 원
61283cef37dce17edd787b80,"[['200', '28']]",16.52,5만 원
612d9bcb55be4b6141482441,"[['300', '32']]",23.14,5만 원
612ee722eab9562662b399b0,"[['1000', '45']]",23.14,6만 원
612052fd7af4fc5bffd65d71,"[['2000', '40']]",22.0,5만 원
613ad932243e73279a3976c3,"[['500', '40']]",20.0,없음
613ac8b8d152f20d418bf3ff,"[['6000', '45']]",20.52,5만 원
613afdb131de6b5715ee4a0b,"[['300', '35']]",23.14,5만 원
6140611af2a29d157ecf27db,"[['500', '45']]",19.83,5만 원
6141bb09b2a6546cc02350f4,"[['100', '40']]",23.14,45만 원
612467cdd5416f1b92cc0b28,"[['100', '35']]",13.22,5만 원
612db4a89c48e02cafb85511,"[['500', '45']]",23.14,5만 원
6139754791e70f4884076a48,"[['200', '20']]",19.83,5만 원
61298b4355a4f85925f0a756,"[['500', '39']]",19.83,4만 원
61307d404771bf25c39002e4,"[['500', '45']]",18.9,7만 원
60f65a5a012757710858d095,"[['500', '47']]",16.52,5만 원
61249abc4a3d3214f2b0d0c3,"[['1000', '50']]",25.0,5만 원
613b2b575df6ae314bf76a68,"[['500', '30']]",27.0,없음
6131ccbcea0138383f1509c0,"[['3000', '75']]",39.66,5만 원
612d7a6f8ec3351b914e374f,"[['300', '34']]",13.2,없음
6132fbd7c91e0728d96563fb,"[['1000', '30']]",18.18,5만 원
6131e3d5d3c75746fa28519b,"[['4000', '35']]",19.83,5만 원
61429a6ae934a46a7ce91e7a,"[['300', '28']]",13.22,5만 원
612305f1fc8f5f33f8b9c185,"[['500', '35']]",19.82,5만 원
61382211e28b943f0dd41373,"[['350', '10']]",29.75,없음
613b35874c84b0030837b883,"[['1000', '35']]",19.83,5만 원
6132fdbb0a420d577b226a4e,"[['1000', '45']]",19.83,5만 원
6120a1ba2fe24a1c88f679fe,"[['500', '35']]",28.0,없음
611e1f1c3c48c56c9ee7b392,"[['500', '30']]",19.83,1만 원
612d7982d522167c1d8f63fe,"[['1000', '30']]",13.22,4만 원
6144286179277321862df734,"[['200', '25']]",21.0,없음
6142a6b34c368411863904b7,"[['1000', '34']]",19.83,5만 원
6125df40496048019e9687c2,"[['500', '30']]",19.04,없음
6129b1c19bf0605d04f40370,"[['1000', '40']]",19.83,3만 원
61404c748ab42876cfe2f6a5,"[['500', '45']]",23.77,9만 원
613817741912b36009a717e2,"[['1000', '30']]",25.56,없음
6125aaa18a5b400659fd374d,"[['500', '42']]",20.17,3만 원
60667d0548608d37d7131f06,"[['500', '41']]",19.83,5만 원
613ac846a6944a0d37240545,"[['300', '35']]",19.83,1만 원
614053685442d97b83aa9bbd,"[['1000', '50']]",19.83,5만 원
60cfd906f1799f7a27015439,"[['500', '38']]",16.52,5만 원
60e0193416779f7247ce057c,"[['2000', '30']]",16.52,4만 원
612df2c8a798c572df7e5eb3,"[['3000', '25']]",16.52,5만 원
613c15ed69825b3b61257395,"[['3000', '30']]",23.14,5만 원
611c6ec47c223f07e8838264,"[['300', '30']]",29.75,없음
611e1d8beb869965b69e510b,"[['500', '35']]",26.44,없음
6135e2df3e5acc716022c894,"[['300', '20']]",23.14,없음
612d773d9637f37b7f639eeb,"[['300', '30']]",13.2,없음
61356b8040ec256535c35ee8,"[['1000', '50']]",19.83,5만 원
60fbe51a897c564835ae2be6,"[['500', '35']]",13.22,5만 원
6115dc1f67652a2ba173e913,"[['300', '31']]",19.83,5만 원
61372bb97ab62612743deafc,"[['300', '40']]",16.52,8만 원
613c054ab2427c7c3e0e8bc7,"[['3000', '50']]",23.14,4만 원
611b21f64649ca3e805d9e74,"[['1000', '30']]",33.05,없음
6126fcc61c1447402a5314a6,"[['500', '35']]",16.52,4만 원
61270ee6c446674ad76e2697,"[['1000', '55']]",36.36,5만 원
6129b4f8e25a5e04230ce9d9,"[['300', '40']]",19.83,5만 원
611e1e2f9b192e6f1ea818e3,"[['500', '50']]",33.0,없음
60e2be35d407a325417db1fb,"[['300', '27']]",19.8,5만 원
6126f25a6be0f83009d1b833,"[['1000', '55']]",20.19,7만 원
6142e62ed2819f7931e16c18,"[['300', '40']]",23.14,5만 원
613b2d6778ef8815d05ec798,"[['500', '40']]",19.83,3만 원
6116017abdaada590b7ac1ec,"[['300', '30']]",23.14,1.5만 원
61399e949bbe322746f20b34,"[['500', '40']]",21.09,5만 원
61024496cab14b34438838c7,"[['500', '43']]",23.14,5만 원
61370f8b8dc4bb29418643c1,"[['500', '40']]",16.52,5만 원
613c43a7be52566bf74e827c,"[['7000', '35']]",23.14,6만 원
611c6519d24c2d628a6e6f67,"[['300', '45']]",19.8,2만 원
6139dee291dae45640162f64,"[['1000', '39']]",19.83,6만 원
6139627290cf41074694cd2f,"[['1000', '52']]",18.18,6만 원
613ab2800e5fc56feabaf7c7,"[['1000', '60']]",33.05,5만 원
612ee73f5119011070256f61,"[['200', '32']]",19.83,5만 원
61395839b03855109e668e69,"[['500', '35']]",16.52,4만 원
6130242d84532b2fe04de0cc,"[['3000', '80']]",27.0,10만 원
6142aaeefcb14448497377f1,"[['500', '50']]",19.8,5만 원
613590dea8abc15a01a0f226,"[['200', '35']]",26.44,4만 원
611dc676840c5538f22cab6b,"[['1000', '55']]",26.44,5만 원
613b1b7dc5193d75879e194c,"[['300', '30']]",23.14,없음
611b19a0733fce5639c6bc22,"[['500', '50']]",23.14,없음
6126ffef70ab734bfd3c0906,"[['200', '20']]",16.0,5만 원
60e2e555d7a0c9289be914b9,"[['500', '40']]",16.52,5만 원
6136d9035710430d53754221,"[['3000', '30']]",23.14,6만 원
6141d05f4205f250cddd373d,"[['500', '30']]",16.52,5만 원
61358487d8834a2c17cde59c,"[['500', '35']]",16.52,7만 원
612d8a2e2cd4c523aedf11b3,"[['500', '45']]",19.83,5만 원
610b9e575f0a436af6a2020b,"[['300', '35']]",33.04,없음
610e434df084351303e3cac7,"[['500', '40']]",24.5,1만 원
6138292667d08005aafde2a2,"[['500', '30']]",13.22,5만 원
613ef09bc392aa37e61ffa0c,"[['300', '35']]",19.82,5만 원
6115df5fc43e512d48880da2,"[['300', '29']]",13.22,4만 원
612ddb7de747f9149d684393,"[['5000', '34']]",19.8,6만 원
612dc51240266952c894e2e3,"[['500', '40']]",19.83,5만 원
610ca1b09881bc44dec6ef78,"[['500', '60']]",26.44,5만 원
61357cf25eac451f74ecdcd5,"[['500', '55']]",26.4,6.5만 원
60b47ce16b66b65f4ffadb71,"[['2000', '80']]",29.75,7만 원
6125ad5734dcae0972cd02eb,"[['500', '35']]",13.22,6만 원
6126f0ba46cc051b1d0126b4,"[['500', '55']]",19.83,5만 원
60f8e4b4c37ae96a47859e64,"[['1000', '55']]",17.86,7만 원
61357c629439ac1f721eb637,"[['500', '65']]",32.1,7.5만 원
61298c7acc837b2f4f45c4c8,"[['300', '35']]",19.83,5만 원
612ee6b3bc471926ed70183a,"[['500', '40']]",19.83,5만 원
6139a55e7b163335dd3b826b,"[['500', '30']]",16.52,4만 원
613ad2daae502b1c301da29e,"[['500', '45']]",21.83,8만 원
61297e63578ad90b051daa56,"[['200', '29']]",16.52,4만 원
61303468a2d9fa62a0c9de83,"[['500', '25']]",26.44,없음
6125967d3a00eb11b70a343f,"[['400', '35']]",19.83,3만 원
61271412d36fc46401e8dbd9,"[['300', '38']]",19.82,5만 원
613c188965df123bfa944e71,"[['300', '32']]",19.8,5만 원
6050440a58acc73178f433ee,"[['200', '19']]",23.14,없음
6139ad4b2b766679228ef29a,"[['1000', '40']]",16.52,5만 원
613ff3bed7468631dfd46a93,"[['200', '25']]",19.83,5만 원
611213d03dd1ec71f50d4941,"[['1억2000', '7']]",19.83,7만 원
612c5f8fc935581a2832ef62,"[['1000', '40']]",19.83,5만 원
6141b5d854567d148285336d,"[['1000', '45']]",19.83,5만 원
613c40392f7b4163dd26821b,"[['1000', '50']]",19.83,5만 원
61297e3152fa6b1e1cd452b2,"[['500', '38']]",23.14,3만 원
60e8fe0c13127067eeaec297,"[['1000', '55']]",17.86,7만 원
612c4d379e120d6341df7ce1,"[['1000', '45']]",19.8,5만 원
61372bf30919e9118bc57989,"[['500', '30']]",16.5,8만 원
610ba7a63ff3a3368b66c3aa,"[['1억2000', '5']]",23.14,7만 원
613eb0f73a7c91536a647d21,"[['4000', '30']]",26.34,8만 원
612497e9b0507714f2315c1d,"[['500', '30']]",16.52,4만 원
6108964b417eaa510149b992,"[['200', '35']]",19.83,5만 원
6120be3dc88e553eb679707a,"[['500', '35']]",16.52,5만 원
60f26325b2326e545488cb2b,"[['1000', '39']]",23.14,5만 원
6142a6c82016d1457342c0b1,"[['1000', '35']]",39.66,없음
612ee4b0429254259699eabe,"[['300', '40']]",16.52,2만 원
612dca1355c7630d05bf98c6,"[['500', '25']]",29.7,없음
6126f745b1356b3058b8e3f8,"[['500', '45']]",15.88,6.3만 원
612c739176747e72d9a87ab4,"[['1000', '40']]",19.82,5만 원
61287ee77ea44b60f58a542c,"[['500', '35']]",16.52,6만 원
613ee4640dc8f77633ee6781,"[['300', '37']]",16.52,5만 원
6138294863d2e45447949933,"[['1000', '40']]",19.8,5만 원
611b8150069d1d47d410cdc5,"[['500', '29']]",15.0,1만 원
5fc203a4fe73776d4e20de69,"[['500', '35']]",16.52,4만 원
6140241e7a855d42e513dca0,"[['1000', '50']]",23.14,5만 원
613575ede6b80a24fef67276,"[['500', '45']]",18.18,6만 원
613c3b6d7470ac7cc0f33a52,"[['300', '35']]",13.22,없음
60a235c107b0586895af0abf,"[['2000', '30']]",16.5,4만 원
6135a371b6bde034913b3d8b,"[['500', '40']]",16.52,5만 원
61332604af2dcd6854e5a20e,"[['200', '43']]",19.83,5만 원
613857e6750fe21b352bb9a8,"[['300', '33']]",19.83,5만 원
613712f4f6d83f2941dd4478,"[['500', '50']]",29.75,5만 원
6138448cc2927e5e84aad5d0,"[['300', '35']]",16.52,5만 원
61272063b8dd925666666f58,"[['1000', '40']]",19.83,5만 원
6132ee7f273f773433efe91f,"[['500', '37']]",16.52,3만 원
61397d0e7602826ee36bec52,"[['300', '34']]",19.83,5만 원
60f676272ec3bc1c7871be9c,"[['1000', '50']]",26.4,2.5만 원
612b39226342d93fd8c3afbb,"[['500', '46']]",24.79,5만 원
613c067c2c7a982265a85c30,"[['500', '40']]",18.0,5만 원
6122fb3e15a45d2093c994f3,"[['1000', '50']]",16.52,6만 원
610222182234751c953c0a6d,"[['2000', '45']]",30.03,없음
612dd331212dcc7ea7b0f9b1,"[['100', '35']]",19.83,5만 원
60ed2fcd6fe4f6455a505724,"[['500', '40']]",13.22,4만 원
6125bb9d2224f627bee32dd3,"[['1000', '35']]",16.52,5만 원
61299d569bdbdf2da6324d87,"[['2000', '30']]",16.52,4만 원
61297e23f749af0b05e5dc95,"[['200', '30']]",16.52,4만 원
6128b4a9b3424d77252b2d19,"[['300', '30']]",13.22,4만 원
6142f27dca48435a51e9e7d5,"[['500', '55']]",25.3,12만 원
60f262b3861b32359a7d87af,"[['1000', '60']]",23.14,5만 원
60ed3da5996e3d270708d596,"[['500', '50']]",19.8,5만 원
6142db6db6eea840c81411af,"[['500', '45']]",27.0,9만 원
6058434a50703f4b5f289593,"[['300', '40']]",16.5,5만 원
6142a5567bf484207780d1dc,"[['500', '30']]",15.45,5만 원
6137445ad93aa03c6bd5ea14,"[['500', '25']]",18.0,없음
611f262ae864e73aaea879f7,"[['500', '30']]",19.83,없음
613ff9b8dbdce566d24e9970,"[['500', '32']]",13.22,5만 원
6125c359f2685d3c6d4924cb,"[['3000', '20']]",16.5,4만 원
611dfe46f9aefe1c764f85b2,"[['500', '45']]",26.44,없음
6138297fc80fcf77e20de426,"[['500', '40']]",19.8,5만 원
61304d23b0ba74429ac8ba8b,"[['500', '36']]",19.83,4만 원
614301e68c4ea14c7f44ef82,"[['500', '65']]",27.76,7.5만 원
61403e95fe1b2f796fdc0224,"[['1000', '65']]",29.75,5만 원
613c59b14a9a1826021765f6,"[['1000', '45']]",19.83,5만 원
60b052f3ccbb8b6e53de9e88,"[['500', '40']]",19.83,5만 원
6110ca0bcfd207330ef3b81e,"[['1000', '30']]",19.83,3만 원
61139a9407fa6d20b4d0f591,"[['500', '30']]",16.52,4만 원
6124678aeec39e66643aa6b6,"[['1000', '55']]",19.8,7만 원
60b709cf5b2d7f3cf3ef69c5,"[['500', '40']]",13.22,5만 원
613eeed280894f35c16a41ae,"[['500', '55']]",33.2,10만 원
601119465f1cde1815a253c0,"[['1000', '40']]",19.8,5만 원
6143f9515cd5375bc6b3c288,"[['2000', '40']]",19.83,5만 원
6141b1486a62d83bd01b69d7,"[['500', '30']]",19.83,5만 원
611dce6851b53b69c4add7cd,"[['500', '40']]",16.52,5만 원
612d78e90dcf7318723a4eaa,"[['500', '50']]",25.3,13만 원
612ecc3b0840e81acd28ed39,"[['500', '40']]",19.83,5만 원
612610a4946fdd581a72b03e,"[['1000', '50']]",29.75,5만 원
613ea9ccf55cbd7d10b2e741,"[['1000', '44']]",19.83,5만 원
613ad00468ada81b719d0eec,"[['65', '65']]",24.09,5.5만 원
61401ee535ebc613e31d7639,"[['500', '45']]",23.14,6만 원
611b82a8ab324d4f7c03e9d8,"[['50', '45']]",16.52,5만 원
6141d0598397b64db01c1945,"[['500', '45']]",21.48,5만 원
6125d53a2657622f1a84691d,"[['500', '50']]",31.05,6만 원
6131e17c7045d646fa2253ed,"[['100', '50']]",13.2,3.5만 원
61384ddb685ab453b6d88a4b,"[['300', '42']]",19.8,5만 원
612ee5a21b7bfd717722f22d,"[['1000', '50']]",23.14,3만 원
61297e552c9c21134e0bfd30,"[['500', '40']]",16.52,5만 원
612f0b312cd5aa4186dc7706,"[['500', '40']]",23.14,5만 원
61303eb4ad400f1a58e9e9ae,"[['300', '45']]",23.14,5만 원
61406063312df311bf97e210,"[['500', '30']]",16.52,5만 원
61359d677d2b7f170b95836c,"[['500', '45']]",23.14,5만 원
61396e0dc6ab4431143e3289,"[['1000', '75']]",33.0,5만 원
61359d125bc0291d2f019bb2,"[['500', '45']]",19.83,5만 원
613625f2dbd87909a9d5a572,"[['1000', '48']]",16.52,7만 원
611df2caf86d9a26efc3f108,"[['500', '30']]",13.22,5만 원
6142a6bdab47a31186838e92,"[['500', '35']]",16.52,5만 원
613c4967d657ce0fbff8f2c4,"[['1000', '40']]",19.82,7만 원
612493c8e939500a70e2b45a,"[['2000', '60']]",33.06,5만 원
61407f03deba41283fb325c6,"[['200', '35']]",19.83,5만 원
613044a2c1b1357ca4c69c9a,"[['300', '25']]",13.2,4만 원
6125929368b9447fa600289b,"[['300', '35']]",19.8,없음
61274c3bfe22fe3954030f2f,"[['1000', '60']]",17.5,5만 원
612d9d6450c0da39b0f5a91b,"[['500', '38']]",23.14,5만 원
61259ad657d852331fbc515c,"[['1000', '50']]",16.52,5만 원
6131b72387e6a72b54871002,"[['500', '40']]",33.05,없음
60fa30b4fe3803177f29a33b,"[['500', '20']]",23.14,없음
61303e5c7c840e1941cda859,"[['300', '35']]",19.83,5만 원
610e645a3f456278b3e44256,"[['1000', '40']]",20.0,5만 원
612758a984b8182061221ff1,"[['1000', '50']]",29.0,5만 원
61205f68dbfd9c7eb28c11ba,"[['300', '40']]",13.22,5만 원
61333df7d0244c4a2613be4c,"[['500', '60']]",32.76,8.5만 원
6030d831f9bc551f63ba342d,"[['500', '40']]",16.52,4만 원
6142c638f95c4853207bbf6a,"[['100', '43']]",19.83,5만 원
612ddcad818f07460823abf0,"[['500', '37']]",16.52,3만 원
612337593504a4149e383264,"[['500', '38']]",16.52,4만 원
6135c1ddaa2b097d4d88b476,"[['500', '40']]",19.83,5만 원
60e945f3606534120e2547de,"[['1000', '37']]",19.83,5만 원
613574a547931d01f933f7ee,"[['300', '28']]",13.22,10만 원
6130450e5f48f834612f8353,"[['500', '40']]",16.5,10만 원
60aca7c7a80bfa60ada99439,"[['500', '33']]",13.22,5만 원
61318b172b205d304ab90801,"[['500', '39']]",19.83,5만 원
60d927baf58e706b32828773,"[['1000', '55']]",17.86,6만 원
61417e0bdf53e35bfc119046,"[['300', '30']]",16.52,5만 원
612dfd6c3893657c819790c5,"[['500', '35']]",16.52,5만 원
6132d1afa8c7064dffb8902a,"[['300', '25']]",23.14,없음
5f3388ef65f4591ed54ad9f5,"[['300', '27']]",13.22,5만 원
61407a4cb288ad25b967c848,"[['1000', '50']]",16.52,6만 원
610b7509d0bd9e1a6fa99022,"[['1000', '35']]",16.52,4만 원
6129c36c1390f74e39555571,"[['500', '35']]",16.5,3만 원
6125e02056c9164232bd95d8,"[['200', '20']]",23.14,없음
611e001633a187492ca1bf31,"[['1000', '35']]",26.44,없음
61334330abae57282ec24085,"[['1000', '40']]",30.0,3만 원
61400747159c3111c349abb8,"[['100', '30']]",19.83,5만 원
6142cf3cb4242c2aaa2e8666,"[['3000', '55']]",33.04,6만 원
60b9c5d0edc59473f3bd653e,"[['500', '40']]",16.5,5만 원
612ed71d13a37c6a35b79be5,"[['1000', '50']]",18.18,6만 원
61259ea71cdeed36a58f3d82,"[['1000', '50']]",23.14,2만 원
61247ce89873326270757d9f,"[['300', '30']]",16.52,3만 원
61245dc1f4830304a15de98d,"[['300', '40']]",17.8,6만 원
60ff54891b4ce25921f1067a,"[['500', '40']]",18.0,5만 원
612ed6820cd7ac6afe344084,"[['500', '36']]",15.0,4만 원
611dce9faf605c3d28bb4c26,"[['500', '35']]",16.0,5만 원
61273841736c8d6f86d5db29,"[['1000', '40']]",23.14,5만 원
61371358dc63422af38876cb,"[['300', '38']]",19.83,5만 원
61298f8aa1f7c82e560a0e20,"[['500', '30']]",23.14,없음
61108ae033e16324991ec45f,"[['300', '38']]",13.22,없음
613082ad3cf34d6bf9e66442,"[['3000', '25']]",16.52,5만 원
613afcc94a696d7336471130,"[['500', '25']]",19.83,5만 원
613566b484cc064765454657,"[['1000', '40']]",16.52,4만 원
6135a5dfa9b1f544e2fcce90,"[['500', '39']]",23.14,5만 원
6131eca7d80e0679264faba8,"[['300', '42']]",19.83,5만 원
612c2f6d6db4fa158eb68707,"[['500', '50']]",19.83,5만 원
613580cd361ba41f762263e8,"[['1000', '45']]",19.83,5만 원
6143142009a3ff42ae6d0d3f,"[['500', '40']]",26.44,5만 원
6100b97744ebbf218dae47cf,"[['3000', '33']]",16.5,5만 원
60d141b693e2387495df7e46,"[['1000', '35']]",19.83,2만 원
611f29023dbc0b5828c34ec7,"[['500', '45']]",19.0,5만 원
608a51b1e6457404db72a96d,"[['1000', '45']]",16.52,3만 원
6129f98d16a18a21f6757034,"[['500', '40']]",16.5,5만 원
612880c77381f9670ed219e3,"[['300', '30']]",16.52,5만 원
61356bd95d6ed76535822669,"[['100', '33']]",19.82,5만 원
613afead97ae53729de4d52d,"[['200', '20']]",13.0,4만 원
60e96a5b93e06b2764e7e139,"[['1000', '35']]",16.52,5만 원
610d02db5bc290748fc16376,"[['500', '40']]",26.44,5만 원
612e09383ac97b0508341495,"[['1000', '53']]",17.86,8만 원
612aefdb69ff8e440da9f26c,"[['500', '30']]",19.83,없음
60c87693f0126848975eb786,"[['300', '25']]",13.22,5만 원
6142da3fc8025668e024fbc7,"[['1000', '60']]",29.86,12만 원
61442d815d166a2ad4c9d58e,"[['1000', '45']]",19.83,5만 원
6143fdbcd329765eae6feff0,"[['1000', '40']]",25.83,없음
612dec55a0218e62f235571e,"[['1000', '40']]",23.14,3만 원
60eb98f1a911b375dcd39796,"[['1000', '55']]",19.83,6만 원
612d8530f6eaf247183b78ad,"[['300', '30']]",13.22,5만 원
60f65a1faf3b154ab8fa6501,"[['300', '35']]",19.83,5만 원
61259b2134c4da3621d88cbe,"[['1000', '65']]",19.83,7만 원
613bfd6eb72b126c449a18ec,"[['500', '25']]",19.82,없음
611cd8499a2e9f2c99fca4c5,"[['300', '28']]",16.52,없음
613617995e44621ebe45dfa9,"[['200', '36']]",23.14,6만 원
6119c3424904c62e4e665d9a,"[['300', '30']]",16.52,5만 원
610bb669c5d9fd03a9f45646,"[['2000', '30']]",16.52,4만 원
611dcc1943d8df397f54b6f8,"[['1000', '45']]",23.14,5만 원
613313c9149be948295b605e,"[['200', '28']]",19.82,5만 원
611e08e108a6de58485080c7,"[['500', '30']]",16.5,5만 원
6134178814bd0c5a28ef5855,"[['1000', '60']]",27.52,8.5만 원
613c43aa5d4b006bf7f05646,"[['1000', '45']]",19.83,5만 원
613ab7b0ce45134bc68db760,"[['100', '40']]",19.82,8만 원
613afdf18d25fc5714d81e8d,"[['500', '36']]",19.83,14만 원
6122f65a7f877956e72d66a6,"[['200', '25']]",16.52,5만 원
5fd6c146c17dc11dd68f3510,"[['500', '30']]",9.91,3.5만 원
61235c1b479492271d914596,"[['500', '30']]",16.5,10만 원
6115cfe77dad2c090341f3a9,"[['50', '45']]",19.83,5만 원
61272378b938320751d4e08d,"[['300', '25']]",19.83,5만 원
6129bfbcbbb43f4e390d2908,"[['300', '36']]",16.5,4만 원
6132df1c38df446b09371d9e,"[['1000', '50']]",23.1,5만 원
61396bed2ce67630591544b7,"[['700', '20']]",28.09,없음
611e2090d97fb96ea76d26ee,"[['3000', '15']]",19.82,3만 원
61299bac0380f34d5ee00649,"[['1000', '53']]",19.83,5만 원
61387af751388d0336df35e3,"[['100', '29']]",16.0,5만 원
612743ed1b3b2c40e25ef815,"[['500', '50']]",33.05,없음
613ece74a61beb75db825317,"[['1000', '50']]",19.83,5만 원
613ede2b3e83842e65d085a7,"[['500', '33']]",19.83,5만 원
60efd952cf24f77fdc9b95a4,"[['1000', '47']]",18.81,6만 원
612b3aae2826dc3fd8521779,"[['500', '35']]",18.18,5만 원
61298fad302464270fda275f,"[['500', '30']]",29.75,없음
